Type,Name,Request Count,Failure Count,Median Response Time,Average Response Time,Min Response Time,Max Response Time,Average Content Size,Requests/s,Failures/s,50%,66%,75%,80%,90%,95%,98%,99%,99.9%,99.99%,100%
GET,Listar Músicas (GraphQL),260,43,14000.0,63689.065167307504,2347.1705999982078,361472.2769,1206844.6653846153,0.43799777422293756,0.07243809342917813,14000,16000,18000,91000,309000,334000,340000,350000,361000,361000,361000
GET,Listar Playlists (GraphQL),207,39,14000.0,58170.85558695642,2036.5936999987753,371253.20290000306,212202.66666666666,0.34871361255441563,0.06569966613344064,14000,15000,17000,39000,287000,336000,341000,348000,371000,371000,371000
GET,Listar Usuários (GraphQL),244,61,13000.0,61403.268486065506,421.48359999919194,355880.2423999987,332393.25,0.4110440650399875,0.10276101625999688,13000,15000,16000,19000,325000,336000,342000,354000,356000,356000,356000
,Aggregated,711,143,14000.0,61298.0612666666,421.48359999919194,371253.20290000306,617172.317862166,1.1977554518173408,0.24089877582261565,14000,15000,17000,40000,317000,335000,341000,350000,371000,371000,371000
