Type,Name,Request Count,Failure Count,Median Response Time,Average Response Time,Min Response Time,Max Response Time,Average Content Size,Requests/s,Failures/s,50%,66%,75%,80%,90%,95%,98%,99%,99.9%,99.99%,100%
GET,Listar Músicas (GraphQL),242,90,12000.0,65490.768511570284,2799.5120999985375,544276.0033999984,908224.4958677687,0.41056954508272187,0.1526911531299379,12000,14000,15000,16000,323000,474000,526000,531000,544000,544000,544000
GET,Listar Playlists (GraphQL),263,84,12000.0,69604.55932395441,1825.7683999981964,552413.9219999998,177954.5855513308,0.4461974808130407,0.14251174292127536,12000,15000,16000,18000,289000,443000,516000,530000,552000,552000,552000
GET,Listar Usuários (GraphQL),275,93,12000.0,61461.78898290909,2390.876199999184,542833.8392000005,293311.8618181818,0.46655630123036573,0.15778085823426916,12000,13000,15000,16000,269000,385000,493000,536000,543000,543000,543000
,Aggregated,780,267,12000.0,65457.38083628204,1825.7683999981964,552413.9219999998,445196.341025641,1.3233233271261284,0.4529837542854824,12000,14000,15000,17000,293000,436000,520000,531000,552000,552000,552000
