Type,Name,Request Count,Failure Count,Median Response Time,Average Response Time,Min Response Time,Max Response Time,Average Content Size,Requests/s,Failures/s,50%,66%,75%,80%,90%,95%,98%,99%,99.9%,99.99%,100%
GET,Listar Músicas (GraphQL),53,0,10000.0,18196.16582452974,2572.0807000179775,75551.3132000051,1445989.0,0.4548148075251069,0.0,10000,12000,13000,32000,53000,66000,69000,76000,76000,76000,76000
GET,Listar Playlists (GraphQL),63,0,9900.0,19992.144919049995,3272.4944000074174,114279.83470002073,261464.0,0.5406289221524855,0.0,9900,12000,13000,33000,55000,84000,100000,114000,114000,114000,114000
GET,Listar Usuários (GraphQL),66,2,9900.0,17586.97084848289,1568.644899991341,108723.91279999283,429760.9696969697,0.5663731565406991,0.017162822925475732,10000,11000,12000,13000,42000,93000,104000,109000,109000,109000,109000
,Aggregated,182,2,10000.0,18596.93403626428,1568.644899991341,114279.83470002073,667438.8626373627,1.5618168862182915,0.017162822925475732,10000,11000,12000,14000,49000,76000,100000,109000,114000,114000,114000
