Type,Name,Request Count,Failure Count,Median Response Time,Average Response Time,Min Response Time,Max Response Time,Average Content Size,Requests/s,Failures/s,50%,66%,75%,80%,90%,95%,98%,99%,99.9%,99.99%,100%
GET,Listar Músicas (GraphQL),761,606,4100.0,22000.583707752976,4034.3542999980855,559003.3269999985,294518.12746386335,1.2746938137658812,1.0150649817899131,4100,4100,4100,11000,19000,22000,386000,500000,559000,559000,559000
GET,Listar Playlists (GraphQL),822,676,4100.0,15616.413756082815,4028.978199999983,554523.1960000019,46440.07785888078,1.3768703218338427,1.132316712359705,4100,4100,4100,7000,18000,20000,195000,410000,555000,555000,555000
GET,Listar Usuários (GraphQL),813,696,4100.0,14433.192651783565,4020.510700000159,551358.0380999993,63780.25461254612,1.3617950993320123,1.165817206808217,4100,4100,4100,4100,16000,19000,227000,372000,551000,551000,551000
,Aggregated,2396,1978,4100.0,17242.621842654484,4020.510700000159,559003.3269999985,131116.60517529215,4.013359234931736,3.3131989009578353,4100,4100,4100,4200,18000,20000,292000,445000,551000,559000,559000
