Type,Name,Request Count,Failure Count,Median Response Time,Average Response Time,Min Response Time,Max Response Time,Average Content Size,Requests/s,Failures/s,50%,66%,75%,80%,90%,95%,98%,99%,99.9%,99.99%,100%
GET,Listar Músicas (GraphQL),79,7,9300.0,12082.05842278541,1911.9725000055041,92228.53410002426,1317863.3924050634,0.6721559828609259,0.05955812506362635,9300,11000,11000,12000,13000,29000,80000,92000,92000,92000,92000
GET,Listar Playlists (GraphQL),108,9,9900.0,17715.0402000016,2560.8234999817796,108450.38850000128,239675.33333333334,0.9188967866959494,0.07657473222466245,10000,11000,11000,12000,51000,80000,97000,102000,108000,108000,108000
GET,Listar Usuários (GraphQL),76,8,8900.0,15012.020153947416,2556.7272000189405,102565.76710002264,396539.3157894737,0.6466310721193718,0.0680664286441444,9000,10000,11000,11000,46000,75000,92000,103000,103000,103000,103000
,Aggregated,263,24,9600.0,15241.90299886016,1911.9725000055041,108450.38850000128,608871.2243346007,2.237683841676247,0.2041992859324332,9600,11000,11000,12000,35000,70000,92000,102000,108000,108000,108000
