Type,Name,Request Count,Failure Count,Median Response Time,Average Response Time,Min Response Time,Max Response Time,Average Content Size,Requests/s,Failures/s,50%,66%,75%,80%,90%,95%,98%,99%,99.9%,99.99%,100%
GET,Listar Músicas (GraphQL),82,5,10000.0,15494.780126830248,2384.4345999823418,107256.22019998264,1357818.9390243902,0.7027688811194263,0.04285176104386745,10000,11000,12000,12000,23000,76000,95000,107000,107000,107000,107000
GET,Listar Playlists (GraphQL),87,11,9900.0,15787.413428736256,3165.06900000968,112437.0404999936,228405.33333333334,0.7456206421632937,0.0942738742965084,9900,11000,12000,12000,39000,59000,89000,112000,112000,112000,112000
GET,Listar Usuários (GraphQL),94,4,9300.0,18010.99024361595,2856.242799985921,112650.25700000115,424331.8085106383,0.8056131076247082,0.034281408835093966,9300,10000,11000,11000,54000,95000,107000,113000,113000,113000,113000
,Aggregated,263,20,9700.0,16490.912629657916,2384.4345999823418,112650.25700000115,650568.8479087453,2.254002630907428,0.1714070441754698,9700,11000,11000,12000,39000,76000,101000,107000,113000,113000,113000
