Type,Name,Request Count,Failure Count,Median Response Time,Average Response Time,Min Response Time,Max Response Time,Average Content Size,Requests/s,Failures/s,50%,66%,75%,80%,90%,95%,98%,99%,99.9%,99.99%,100%
GET,Listar Músicas,111,0,13000.0,12223.041858558956,289.6733999950811,22259.849900001427,1445968.0,0.9640072223306426,0.0,13000,14000,14000,15000,15000,16000,19000,22000,22000,22000,22000
GET,Listar Playlists,141,0,14000.0,13283.71195886441,2930.966999992961,22236.894900008338,805569.0,1.2245497148524378,0.0,14000,15000,15000,15000,16000,17000,21000,22000,22000,22000,22000
GET,Listar Usuários,115,0,13000.0,11686.70610782498,824.99039999675,21599.918799998704,443169.0,0.9987462213335486,0.0,13000,13000,14000,14000,15000,16000,19000,20000,22000,22000,22000
,Aggregated,367,0,13000.0,12462.485653677924,289.6733999950811,22259.849900001427,885700.5776566757,3.187303158516629,0.0,13000,14000,15000,15000,15000,16000,20000,22000,22000,22000,22000
