Type,Name,Request Count,Failure Count,Median Response Time,Average Response Time,Min Response Time,Max Response Time,Average Content Size,Requests/s,Failures/s,50%,66%,75%,80%,90%,95%,98%,99%,99.9%,99.99%,100%
GET,Listar Músicas,348,16,59000.0,78316.626217816,352.0072999999684,185210.24079999916,1379486.712643678,0.5830876907968121,0.026808629461922397,59000,109000,131000,133000,140000,146000,167000,172000,185000,185000,185000
GET,Listar Playlists,335,18,59000.0,75560.14185074625,546.5620000031777,170349.64249999757,762284.6955223881,0.5613056793590001,0.030159708144662695,59000,94000,127000,134000,142000,149000,159000,166000,170000,170000,170000
GET,Listar Usuários,338,25,57000.0,70820.36513491126,17.087299998820527,176844.15829999853,410390.2278106509,0.5663322973831106,0.04188848353425374,57000,89000,123000,127000,137000,142000,150000,156000,177000,177000,177000
,Aggregated,1021,59,58000.0,74930.57478883445,17.087299998820527,185210.24079999916,856159.3006856024,1.7107256675389229,0.09885682114083884,58000,101000,127000,132000,139000,145000,156000,167000,177000,185000,185000
