Type,Name,Request Count,Failure Count,Median Response Time,Average Response Time,Min Response Time,Max Response Time,Average Content Size,Requests/s,Failures/s,50%,66%,75%,80%,90%,95%,98%,99%,99.9%,99.99%,100%
GET,Listar Músicas,73,1,28000.0,39244.6057684915,1909.1234999941662,109724.03659997508,1426160.2191780822,0.6292302857768726,0.00861959295584757,28000,36000,44000,64000,89000,97000,104000,110000,110000,110000,110000
GET,Listar Playlists,70,1,32000.0,38360.44431714566,2891.5069999929983,110747.92520000483,794060.8714285714,0.60337150690933,0.00861959295584757,32000,37000,42000,60000,71000,82000,101000,111000,111000,111000,111000
GET,Listar Usuários,85,1,28000.0,34186.24048353043,2105.8041999931447,109957.40600000136,437955.24705882353,0.7326654012470435,0.00861959295584757,28000,34000,36000,43000,63000,79000,110000,110000,110000,110000,110000
,Aggregated,228,3,29000.0,37087.35861579017,1909.1234999941662,110747.92520000483,863684.8815789474,1.965267193933246,0.02585877886754271,29000,35000,41000,50000,79000,90000,104000,110000,111000,111000,111000
