Type,Name,Request Count,Failure Count,Median Response Time,Average Response Time,Min Response Time,Max Response Time,Average Content Size,Requests/s,Failures/s,50%,66%,75%,80%,90%,95%,98%,99%,99.9%,99.99%,100%
GET,Listar Músicas,92,2,23000.0,27893.283497827164,345.3039000160061,71136.88499998534,1414533.9130434783,0.772594408482352,0.016795530619181563,24000,32000,43000,46000,48000,62000,63000,71000,71000,71000,71000
GET,Listar Playlists,99,1,24000.0,29527.13958888681,1150.8881999761797,83142.35939999344,797431.9393939395,0.8313787656494874,0.008397765309590782,24000,34000,45000,47000,50000,70000,79000,83000,83000,83000,83000
GET,Listar Usuários,101,1,21000.0,27727.130957425277,32.296799996402115,90946.61310000811,438781.1881188119,0.848174296268669,0.008397765309590782,21000,30000,42000,44000,47000,74000,80000,90000,91000,91000,91000
,Aggregated,292,4,23000.0,28389.757286985776,32.296799996402115,90946.61310000811,867807.4726027397,2.4521474704005084,0.033591061238363126,23000,33000,43000,46000,49000,63000,75000,83000,91000,91000,91000
