Type,Name,Request Count,Failure Count,Median Response Time,Average Response Time,Min Response Time,Max Response Time,Average Content Size,Requests/s,Failures/s,50%,66%,75%,80%,90%,95%,98%,99%,99.9%,99.99%,100%
GET,Listar Músicas,357,8,35000.0,48290.95376050422,306.21240000255057,112293.71950000132,1413565.355742297,0.5978126054039317,0.013396360905410232,35000,58000,75000,80000,93000,101000,106000,108000,112000,112000,112000
GET,Listar Playlists,381,14,35000.0,47121.084177165256,175.76650000046357,110679.07750000086,775968.0393700787,0.6380016881201623,0.023443631584467908,35000,46000,75000,79000,96000,102000,107000,109000,111000,111000,111000
GET,Listar Usuários,405,16,33000.0,41968.476967654315,176.10379999678116,104588.49340000233,425661.0888888889,0.678190770836393,0.026792721810820465,33000,36000,58000,70000,77000,85000,95000,101000,105000,105000,105000
,Aggregated,1143,38,34000.0,45660.749550218694,175.76650000046357,112293.71950000132,850988.0979877515,1.914005064360487,0.0636327143006986,34000,40000,71000,76000,89000,99000,104000,107000,111000,112000,112000
