Type,Name,Request Count,Failure Count,Median Response Time,Average Response Time,Min Response Time,Max Response Time,Average Content Size,Requests/s,Failures/s,50%,66%,75%,80%,90%,95%,98%,99%,99.9%,99.99%,100%
GET,Listar Músicas,199,16,113000.0,159027.4639552764,81.53719999972964,588561.2135999982,1329709.2663316582,0.33353728609741307,0.026817068228937733,113000,137000,162000,231000,426000,523000,569000,578000,589000,589000,589000
GET,Listar Playlists,202,20,94000.0,139197.94886930677,1073.598499999207,587469.124700001,725809.6930693069,0.33856548639033884,0.03352133528617216,94000,122000,140000,147000,387000,470000,548000,563000,587000,587000,587000
GET,Listar Usuários,169,15,105000.0,147811.75368224853,1083.5050999994564,583366.3847999997,403834.47337278107,0.2832552831681548,0.025141001464629123,105000,132000,145000,203000,367000,501000,535000,578000,583000,583000,583000
,Aggregated,570,51,102000.0,148674.80240526298,81.53719999972964,588561.2135999982,841181.9789473685,0.9553580556559067,0.08547940497973902,103000,130000,145000,203000,396000,493000,557000,576000,589000,589000,589000
