Type,Name,Request Count,Failure Count,Median Response Time,Average Response Time,Min Response Time,Max Response Time,Average Content Size,Requests/s,Failures/s,50%,66%,75%,80%,90%,95%,98%,99%,99.9%,99.99%,100%
GET,Listar Músicas (SOAP),342,81,58000.0,51923.27018801167,4044.7472000014386,106006.82349999988,51.13157894736842,0.5759749321405632,0.1364151155069755,58000,62000,65000,72000,93000,101000,103000,103000,106000,106000,106000
GET,Listar Playlists (SOAP),245,72,305000.0,228270.96164979582,4037.262900001224,356475.2384000021,47.310204081632655,0.41261362097788884,0.12125788045064488,305000,317000,334000,339000,344000,350000,352000,355000,356000,356000,356000
GET,Listar Usuários (SOAP),331,77,55000.0,49840.52916797595,4039.8717999996734,103709.3989999994,51.413897280966765,0.5574494226272703,0.12967856659305077,55000,59000,66000,71000,89000,96000,100000,102000,104000,104000,104000
,Aggregated,918,230,58000.0,98236.77468747285,4037.262900001224,356475.2384000021,50.21350762527233,1.5460379757457223,0.38735156255067116,58000,70000,93000,103000,315000,340000,347000,350000,356000,356000,356000
