Type,Name,Request Count,Failure Count,Median Response Time,Average Response Time,Min Response Time,Max Response Time,Average Content Size,Requests/s,Failures/s,50%,66%,75%,80%,90%,95%,98%,99%,99.9%,99.99%,100%
GET,Listar Músicas (SOAP),143,0,12000.0,11579.076627274271,5034.813700011,14892.614100011997,67.0,1.2140689400707474,0.0,12000,13000,13000,13000,13000,13000,14000,15000,15000,15000,15000
GET,Listar Playlists (SOAP),94,0,57000.0,54875.54504255335,38840.17199999653,60048.92760000075,67.0,0.7980593032632884,0.0,57000,57000,58000,58000,59000,60000,60000,60000,60000,60000,60000
GET,Listar Usuários (SOAP),155,0,12000.0,11494.583869031669,5325.98669998697,13826.032900018618,67.0,1.3159488511256352,0.0,12000,12000,12000,13000,13000,13000,13000,13000,14000,14000,14000
,Aggregated,392,0,12000.0,21927.98390663303,5034.813700011,60048.92760000075,67.0,3.328077094459671,0.0,12000,13000,14000,50000,57000,58000,59000,60000,60000,60000,60000
