Type,Name,Request Count,Failure Count,Median Response Time,Average Response Time,Min Response Time,Max Response Time,Average Content Size,Requests/s,Failures/s,50%,66%,75%,80%,90%,95%,98%,99%,99.9%,99.99%,100%
GET,Listar Músicas (SOAP),127,2,8700.0,8957.762974014646,2082.7037999988534,15931.735000020126,68.46456692913385,1.0816604698594623,0.017034023147393107,8700,9700,11000,11000,13000,14000,15000,16000,16000,16000,16000
GET,Listar Playlists (SOAP),91,0,27000.0,26019.29943186966,2941.147700010333,34796.82529999991,67.0,0.7750480532063864,0.0,27000,28000,30000,31000,33000,34000,35000,35000,35000,35000,35000
GET,Listar Usuários (SOAP),141,0,7900.0,8051.938184395809,2521.581300010439,14955.63719997881,67.0,1.200898631891214,0.0,7900,8900,9400,10000,11000,12000,14000,15000,15000,15000,15000
,Aggregated,359,2,9100.0,12926.783927576063,2082.7037999988534,34796.82529999991,67.51810584958217,3.0576071549570627,0.017034023147393107,9100,11000,15000,23000,28000,32000,34000,34000,35000,35000,35000
