Type,Name,Request Count,Failure Count,Median Response Time,Average Response Time,Min Response Time,Max Response Time,Average Content Size,Requests/s,Failures/s,50%,66%,75%,80%,90%,95%,98%,99%,99.9%,99.99%,100%
GET,Listar Músicas (SOAP),145,0,17000.0,15734.140461380799,3670.5140999983996,22892.61660000193,67.0,1.2195641164272233,0.0,17000,19000,20000,20000,21000,22000,23000,23000,23000,23000,23000
GET,Listar Playlists (SOAP),76,0,87000.0,79912.75163684202,30239.66609998024,99595.74340001564,67.0,0.6392198127480618,0.0,87000,91000,93000,94000,97000,98000,99000,100000,100000,100000,100000
GET,Listar Usuários (SOAP),133,0,16000.0,15014.26832180486,3253.3047999895643,22565.606699994532,67.0,1.1186346723091083,0.0,16000,18000,18000,19000,21000,21000,22000,22000,23000,23000,23000
,Aggregated,354,0,18000.0,29242.138921187143,3253.3047999895643,99595.74340001564,67.0,2.9774186014843935,0.0,18000,20000,22000,54000,87000,93000,97000,98000,100000,100000,100000
