Type,Name,Request Count,Failure Count,Median Response Time,Average Response Time,Min Response Time,Max Response Time,Average Content Size,Requests/s,Failures/s,50%,66%,75%,80%,90%,95%,98%,99%,99.9%,99.99%,100%
GET,Listar Músicas (SOAP),313,3,34000.0,35012.52020383388,2159.8149000019475,54188.65369999912,67.89137380191693,0.5256610226023956,0.005038284561684302,34000,38000,42000,46000,49000,50000,51000,53000,54000,54000,54000
GET,Listar Playlists (SOAP),278,1,132000.0,118425.04941942471,2161.973600002966,150519.62859999912,67.33453237410072,0.466881036049412,0.0016794281872281006,132000,134000,135000,136000,140000,144000,146000,148000,151000,151000,151000
GET,Listar Usuários (SOAP),302,3,29000.0,30006.51870629142,2125.793400002294,48218.50059999997,67.92384105960265,0.5071873125428864,0.005038284561684302,29000,32000,35000,37000,45000,46000,47000,48000,48000,48000,48000
,Aggregated,893,7,37000.0,59286.731480067196,2125.793400002294,150519.62859999912,67.72900335946248,1.499729371194694,0.011755997310596705,37000,48000,109000,129000,134000,138000,143000,145000,151000,151000,151000
