Type,Name,Request Count,Failure Count,Median Response Time,Average Response Time,Min Response Time,Max Response Time,Average Content Size,Requests/s,Failures/s,50%,66%,75%,80%,90%,95%,98%,99%,99.9%,99.99%,100%
GET,Listar Músicas (SOAP),284,1,46000.0,48451.493361619694,4113.092100000358,77358.24890000004,66.76408450704226,0.4761559499560814,0.001676605457591836,46000,49000,51000,55000,65000,71000,76000,76000,77000,77000,77000
GET,Listar Playlists (SOAP),223,4,220000.0,225342.03651165942,4103.530700002011,267000.57880000165,65.79820627802691,0.37388301704297944,0.006706421830367344,220000,234000,246000,251000,259000,263000,267000,267000,267000,267000,267000
GET,Listar Usuários (SOAP),290,4,42000.0,43514.04554655178,4099.836800000048,75164.8583999995,66.07586206896552,0.48621558270163245,0.006706421830367344,42000,45000,46000,47000,53000,62000,71000,75000,75000,75000,75000
,Aggregated,797,9,47000.0,96148.77222747805,4099.836800000048,267000.57880000165,66.24341279799248,1.3362545497006932,0.015089449118326523,47000,61000,210000,214000,232000,255000,261000,265000,267000,267000,267000
